http://host.docker.internal:10002;guess;guess,selenium;b''
http://host.docker.internal:10004;guess;guess,selenium;b''
http://host.docker.internal:10001;guess;guess,selenium;b''
http://host.docker.internal:10000;guess;guess,selenium;b''
http://host.docker.internal:10003;guess;guess,selenium;b''
http://host.docker.internal:10005;guess;guess,selenium;b''
http://host.docker.internal:10007;guess;guess,selenium;b''
http://host.docker.internal:10006;guess;guess,selenium;b''
http://host.docker.internal:10008;guess;guess,selenium;b''
http://host.docker.internal:10009;guess;guess,selenium;b''
http://host.docker.internal:10010;guess;guess,selenium;b''
http://host.docker.internal:10011;guess;guess,selenium;b''
http://host.docker.internal:10012;guess;guess,selenium;b''
http://host.docker.internal:10014;guess;guess,selenium;b''
http://host.docker.internal:10013;guess;guess,selenium;b''
http://host.docker.internal:10015;guess;guess,selenium;b''
http://host.docker.internal:10016;guess;guess,selenium;b''
http://host.docker.internal:10017;guess;guess,selenium;b''
http://host.docker.internal:10018;guess;guess,selenium;b''
http://host.docker.internal:10019;guess;guess,selenium;b''
http://host.docker.internal:10020;guess;guess,selenium;b''
http://host.docker.internal:10021;guess;guess,selenium;b"LooseVersion ('wordpress')\n"
http://host.docker.internal:10022;guess;guess,selenium;b"LooseVersion ('wordpress')\n"
http://host.docker.internal:10023;guess;guess,selenium;b"LooseVersion ('wordpress')\n"
http://host.docker.internal:10024;guess;guess,selenium;b"LooseVersion ('wordpress')\n"
http://host.docker.internal:10025;guess;guess,selenium;b"LooseVersion ('wordpress')\n"
http://host.docker.internal:10026;guess;guess,selenium;b"LooseVersion ('wordpress')\n"
http://host.docker.internal:10027;guess;guess,selenium;b"LooseVersion ('wordpress')\n"
http://host.docker.internal:10028;guess;guess,selenium;b"LooseVersion ('wordpress')\n"
http://host.docker.internal:10029;guess;guess,selenium;b"LooseVersion ('wordpress')\n"
http://host.docker.internal:10030;guess;guess,selenium;b"LooseVersion ('wordpress')\n"
http://host.docker.internal:10031;guess;guess,selenium;b"LooseVersion ('wordpress')\n"
http://host.docker.internal:10032;guess;guess,selenium;b"LooseVersion ('wordpress')\n"
http://host.docker.internal:10034;guess;guess,selenium;b"LooseVersion ('wordpress')\n"
http://host.docker.internal:10033;guess;guess,selenium;b"LooseVersion ('wordpress')\n"
http://host.docker.internal:10035;guess;guess,selenium;b"LooseVersion ('wordpress')\n"
http://host.docker.internal:10036;guess;guess,selenium;b"LooseVersion ('wordpress')\n"
http://host.docker.internal:10037;guess;guess,selenium;b"LooseVersion ('wordpress')\n"
http://host.docker.internal:10038;guess;guess,selenium;b"LooseVersion ('wordpress')\n"
http://host.docker.internal:10039;guess;guess,selenium;b"LooseVersion ('wordpress')\n"
http://host.docker.internal:10041;guess;guess,selenium;b"LooseVersion ('wordpress')\n"
http://host.docker.internal:10040;guess;guess,selenium;b"LooseVersion ('wordpress')\n"
http://host.docker.internal:10042;guess;guess,selenium;b"LooseVersion ('wordpress')\n"
http://host.docker.internal:10043;guess;guess,selenium;b"LooseVersion ('wordpress')\n"
http://host.docker.internal:10044;guess;guess,selenium;b"LooseVersion ('wordpress')\n"
http://host.docker.internal:10045;guess;guess,selenium;b"LooseVersion ('wordpress')\n"
http://host.docker.internal:10046;guess;guess,selenium;b"LooseVersion ('wordpress')\n"
http://host.docker.internal:10048;guess;guess,selenium;b"LooseVersion ('wordpress')\n"
http://host.docker.internal:10047;guess;guess,selenium;b"LooseVersion ('wordpress')\n"
http://host.docker.internal:10049;guess;guess,selenium;b"LooseVersion ('wordpress')\n"
http://host.docker.internal:10050;guess;guess,selenium;b"LooseVersion ('wordpress')\n"
http://host.docker.internal:10051;guess;guess,selenium;b"LooseVersion ('wordpress')\n"
http://host.docker.internal:10053;guess;guess,selenium;b"LooseVersion ('wordpress')\n"
http://host.docker.internal:10052;guess;guess,selenium;b"LooseVersion ('wordpress')\n"
http://host.docker.internal:10054;guess;guess,selenium;b"LooseVersion ('wordpress')\n"
http://host.docker.internal:10055;guess;guess,selenium;b"LooseVersion ('wordpress')\n"
http://host.docker.internal:10056;guess;guess,selenium;b"LooseVersion ('wordpress')\n"
http://host.docker.internal:10057;guess;guess,selenium;b"LooseVersion ('wordpress')\n"
http://host.docker.internal:10059;guess;guess,selenium;b"LooseVersion ('wordpress')\n"
http://host.docker.internal:10058;guess;guess,selenium;b"LooseVersion ('wordpress')\n"
http://host.docker.internal:10060;guess;guess,selenium;b"LooseVersion ('wordpress')\n"
http://host.docker.internal:10061;guess;guess,selenium;b"LooseVersion ('wordpress')\n"
http://host.docker.internal:10063;guess;guess,selenium;b"LooseVersion ('wordpress')\n"
http://host.docker.internal:10062;guess;guess,selenium;b"LooseVersion ('wordpress')\n"
http://host.docker.internal:10064;guess;guess,selenium;b"LooseVersion ('wordpress')\n"
http://host.docker.internal:10065;guess;guess,selenium;b"LooseVersion ('wordpress')\n"
http://host.docker.internal:10066;guess;guess,selenium;b"LooseVersion ('wordpress')\n"
http://host.docker.internal:10067;guess;guess,selenium;b"LooseVersion ('wordpress')\n"
http://host.docker.internal:10068;guess;guess,selenium;b"LooseVersion ('wordpress')\n"
http://host.docker.internal:10069;guess;guess,selenium;b"LooseVersion ('wordpress')\n"
http://host.docker.internal:10070;guess;guess,selenium;b"LooseVersion ('wordpress')\n"
http://host.docker.internal:10071;guess;guess,selenium;b"LooseVersion ('wordpress')\n"
http://host.docker.internal:10072;guess;guess,selenium;b"LooseVersion ('wordpress')\n"
http://host.docker.internal:10073;guess;guess,selenium;b"LooseVersion ('wordpress')\n"
http://host.docker.internal:10074;guess;guess,selenium;b"LooseVersion ('wordpress')\n"
http://host.docker.internal:10075;guess;guess,selenium;b"LooseVersion ('wordpress')\n"
http://host.docker.internal:10076;guess;guess,selenium;b"LooseVersion ('wordpress')\n"
http://host.docker.internal:10077;guess;guess,selenium;b"LooseVersion ('wordpress')\n"
http://host.docker.internal:10078;guess;guess,selenium;b"LooseVersion ('wordpress')\n"
http://host.docker.internal:10079;guess;guess,selenium;b"LooseVersion ('wordpress')\n"
http://host.docker.internal:10080;guess;guess,selenium;b"LooseVersion ('wordpress')\n"
http://host.docker.internal:10081;guess;guess,selenium;b"LooseVersion ('wordpress')\n"
http://host.docker.internal:10082;guess;guess,selenium;b"LooseVersion ('wordpress')\n"
http://host.docker.internal:10083;guess;guess,selenium;b"LooseVersion ('wordpress')\n"
http://host.docker.internal:10084;guess;guess,selenium;b"LooseVersion ('wordpress')\n"
http://host.docker.internal:10085;guess;guess,selenium;b"LooseVersion ('wordpress')\n"
http://host.docker.internal:10086;guess;guess,selenium;b"LooseVersion ('joomla')\n"
http://host.docker.internal:10087;guess;guess,selenium;b"LooseVersion ('joomla')\n"
http://host.docker.internal:10088;guess;guess,selenium;b"LooseVersion ('joomla')\n"
http://host.docker.internal:10089;guess;guess,selenium;b"LooseVersion ('joomla')\n"
http://host.docker.internal:10090;guess;guess,selenium;b"LooseVersion ('joomla')\n"
http://host.docker.internal:10091;guess;guess,selenium;b"LooseVersion ('joomla')\n"
http://host.docker.internal:10092;guess;guess,selenium;b"LooseVersion ('joomla')\n"
http://host.docker.internal:10093;guess;guess,selenium;b"LooseVersion ('joomla')\n"
http://host.docker.internal:10094;guess;guess,selenium;b"LooseVersion ('joomla')\n"
http://host.docker.internal:10095;guess;guess,selenium;b"LooseVersion ('joomla')\n"
http://host.docker.internal:10096;guess;guess,selenium;b"LooseVersion ('joomla')\n"
http://host.docker.internal:10097;guess;guess,selenium;b"LooseVersion ('joomla')\n"
http://host.docker.internal:10098;guess;guess,selenium;b"LooseVersion ('joomla')\n"
http://host.docker.internal:10099;guess;guess,selenium;b"LooseVersion ('joomla')\n"
http://host.docker.internal:10100;guess;guess,selenium;b"LooseVersion ('joomla')\n"
http://host.docker.internal:10101;guess;guess,selenium;b"LooseVersion ('joomla')\n"
http://host.docker.internal:10102;guess;guess,selenium;b"LooseVersion ('joomla')\n"
http://host.docker.internal:10104;guess;guess,selenium;b"LooseVersion ('joomla')\n"
http://host.docker.internal:10103;guess;guess,selenium;b"LooseVersion ('joomla')\n"
http://host.docker.internal:10105;guess;guess,selenium;b"LooseVersion ('joomla')\n"
http://host.docker.internal:10106;guess;guess,selenium;b"LooseVersion ('joomla')\n"
http://host.docker.internal:10107;guess;guess,selenium;b"LooseVersion ('joomla')\n"
http://host.docker.internal:10108;guess;guess,selenium;b"LooseVersion ('joomla')\n"
http://host.docker.internal:10109;guess;guess,selenium;b"LooseVersion ('joomla')\n"
http://host.docker.internal:10110;guess;guess,selenium;b"LooseVersion ('joomla')\n"
http://host.docker.internal:10111;guess;guess,selenium;b"LooseVersion ('joomla')\n"
http://host.docker.internal:10112;guess;guess,selenium;b"LooseVersion ('joomla')\n"
http://host.docker.internal:10114;guess;guess,selenium;b"LooseVersion ('joomla')\n"
http://host.docker.internal:10113;guess;guess,selenium;b"LooseVersion ('joomla')\n"
http://host.docker.internal:10115;guess;guess,selenium;b"LooseVersion ('joomla')\n"
http://host.docker.internal:10116;guess;guess,selenium;b"LooseVersion ('joomla')\n"
http://host.docker.internal:10117;guess;guess,selenium;b"LooseVersion ('joomla')\n"
http://host.docker.internal:10118;guess;guess,selenium;b"LooseVersion ('joomla')\n"
http://host.docker.internal:10119;guess;guess,selenium;b"LooseVersion ('joomla')\n"
http://host.docker.internal:10120;guess;guess,selenium;b"LooseVersion ('joomla')\n"
http://host.docker.internal:10121;guess;guess,selenium;b"LooseVersion ('joomla')\n"
http://host.docker.internal:10122;guess;guess,selenium;b"LooseVersion ('joomla')\n"
http://host.docker.internal:10123;guess;guess,selenium;b"LooseVersion ('joomla')\n"
http://host.docker.internal:10124;guess;guess,selenium;b"LooseVersion ('joomla')\n"
http://host.docker.internal:10125;guess;guess,selenium;b"LooseVersion ('joomla')\n"
http://host.docker.internal:10126;guess;guess,selenium;b"LooseVersion ('joomla')\n"
http://host.docker.internal:10127;guess;guess,selenium;b"LooseVersion ('joomla')\n"
http://host.docker.internal:10129;guess;guess,selenium;b"LooseVersion ('joomla')\n"
http://host.docker.internal:10128;guess;guess,selenium;b"LooseVersion ('joomla')\n"
http://host.docker.internal:10130;guess;guess,selenium;b"LooseVersion ('joomla')\n"
http://host.docker.internal:10131;guess;guess,selenium;b"LooseVersion ('joomla')\n"
http://host.docker.internal:10132;guess;guess,selenium;b"LooseVersion ('joomla')\n"
http://host.docker.internal:10134;guess;guess,selenium;b"LooseVersion ('joomla')\n"
http://host.docker.internal:10133;guess;guess,selenium;b"LooseVersion ('joomla')\n"
http://host.docker.internal:10135;guess;guess,selenium;b"LooseVersion ('joomla')\n"
http://host.docker.internal:10136;guess;guess,selenium;b"LooseVersion ('joomla')\n"
http://host.docker.internal:10137;guess;guess,selenium;b"LooseVersion ('joomla')\n"
http://host.docker.internal:10138;guess;guess,selenium;b"LooseVersion ('joomla')\n"
http://host.docker.internal:10139;guess;guess,selenium;b"LooseVersion ('joomla')\n"
http://host.docker.internal:10140;guess;guess,selenium;b"LooseVersion ('joomla')\n"
http://host.docker.internal:10141;guess;guess,selenium;b"LooseVersion ('joomla')\n"
http://host.docker.internal:10142;guess;guess,selenium;b"LooseVersion ('joomla')\n"
http://host.docker.internal:10143;guess;guess,selenium;b"LooseVersion ('joomla')\n"
http://host.docker.internal:10144;guess;guess,selenium;b"LooseVersion ('joomla')\n"
http://host.docker.internal:10145;guess;guess,selenium;b"LooseVersion ('joomla')\n"
http://host.docker.internal:10146;guess;guess,selenium;b"LooseVersion ('joomla')\n"
http://host.docker.internal:10147;guess;guess,selenium;b"LooseVersion ('joomla')\n"
http://host.docker.internal:10148;guess;guess,selenium;b"LooseVersion ('joomla')\n"
http://host.docker.internal:10149;guess;guess,selenium;b"LooseVersion ('joomla')\n"
http://host.docker.internal:10150;guess;guess,selenium;b"LooseVersion ('joomla')\n"
http://host.docker.internal:10151;guess;guess,selenium;b"LooseVersion ('joomla')\n"
http://host.docker.internal:10152;guess;guess,selenium;b"LooseVersion ('joomla')\n"
http://host.docker.internal:10153;guess;guess,selenium;b"LooseVersion ('joomla')\n"
http://host.docker.internal:10154;guess;guess,selenium;b"LooseVersion ('joomla')\n"
http://host.docker.internal:10155;guess;guess,selenium;b"LooseVersion ('joomla')\n"
http://host.docker.internal:10156;guess;guess,selenium;b"LooseVersion ('joomla')\n"
http://host.docker.internal:10157;guess;guess,selenium;b"LooseVersion ('joomla')\n"
http://host.docker.internal:10158;guess;guess,selenium;b"LooseVersion ('joomla')\n"
http://host.docker.internal:10159;guess;guess,selenium;b"LooseVersion ('joomla')\n"
http://host.docker.internal:10160;guess;guess,selenium;b"LooseVersion ('joomla')\n"
http://host.docker.internal:10161;guess;guess,selenium;b"LooseVersion ('joomla')\n"
http://host.docker.internal:10162;guess;guess,selenium;b"LooseVersion ('joomla')\n"
http://host.docker.internal:10163;guess;guess,selenium;b"LooseVersion ('joomla')\n"
http://host.docker.internal:10164;guess;guess,selenium;b"LooseVersion ('joomla')\n"
http://host.docker.internal:10165;guess;guess,selenium;b"LooseVersion ('joomla')\n"
http://host.docker.internal:10166;guess;guess,selenium;b"LooseVersion ('joomla')\n"
http://host.docker.internal:10167;guess;guess,selenium;b"LooseVersion ('joomla')\n"
http://host.docker.internal:10168;guess;guess,selenium;b"LooseVersion ('joomla')\n"
http://host.docker.internal:10169;guess;guess,selenium;b"LooseVersion ('joomla')\n"
http://host.docker.internal:10170;guess;guess,selenium;b"LooseVersion ('joomla')\n"
http://host.docker.internal:10171;guess;guess,selenium;b"LooseVersion ('joomla')\n"
http://host.docker.internal:10172;guess;guess,selenium;b"LooseVersion ('joomla')\n"
http://host.docker.internal:10173;guess;guess,selenium;b"LooseVersion ('joomla')\n"
http://host.docker.internal:10174;guess;guess,selenium;b"LooseVersion ('joomla')\n"
http://host.docker.internal:10175;guess;guess,selenium;b"LooseVersion ('joomla')\n"
http://host.docker.internal:10176;guess;guess,selenium;b"LooseVersion ('joomla')\n"
http://host.docker.internal:10177;guess;guess,selenium;b''
http://host.docker.internal:10178;guess;guess,selenium;b"LooseVersion ('joomla')\n"
http://host.docker.internal:10179;guess;guess,selenium;b"LooseVersion ('joomla')\n"
http://host.docker.internal:10180;guess;guess,selenium;b"LooseVersion ('joomla')\n"
http://host.docker.internal:10181;guess;guess,selenium;b"LooseVersion ('joomla')\n"
http://host.docker.internal:10182;guess;guess,selenium;b"LooseVersion ('joomla')\n"
http://host.docker.internal:10183;guess;guess,selenium;b"LooseVersion ('joomla')\n"
http://host.docker.internal:10184;guess;guess,selenium;b"LooseVersion ('joomla')\n"
http://host.docker.internal:10185;guess;guess,selenium;b''
http://host.docker.internal:10186;guess;guess,selenium;b"LooseVersion ('joomla')\n"
http://host.docker.internal:10187;guess;guess,selenium;b"LooseVersion ('joomla')\n"
http://host.docker.internal:10188;guess;guess,selenium;b"LooseVersion ('joomla')\n"
http://host.docker.internal:10189;guess;guess,selenium;b"LooseVersion ('joomla')\n"
http://host.docker.internal:10190;guess;guess,selenium;b"LooseVersion ('joomla')\n"
http://host.docker.internal:10191;guess;guess,selenium;b"LooseVersion ('joomla')\n"
http://host.docker.internal:10192;guess;guess,selenium;b"LooseVersion ('joomla')\n"
http://host.docker.internal:10193;guess;guess,selenium;b"LooseVersion ('joomla')\n"
http://host.docker.internal:10194;guess;guess,selenium;b"LooseVersion ('joomla')\n"
http://host.docker.internal:10195;guess;guess,selenium;b"LooseVersion ('joomla')\n"
http://host.docker.internal:10196;guess;guess,selenium;b"LooseVersion ('joomla')\n"
http://host.docker.internal:10197;guess;guess,selenium;b"LooseVersion ('joomla')\n"
http://host.docker.internal:10198;guess;guess,selenium;b"LooseVersion ('joomla')\n"
http://host.docker.internal:10199;guess;guess,selenium;b''
http://host.docker.internal:10200;guess;guess,selenium;b''
http://host.docker.internal:10201;guess;guess,selenium;b''
http://host.docker.internal:10202;guess;guess,selenium;b''
http://host.docker.internal:10203;guess;guess,selenium;b''
http://host.docker.internal:10204;guess;guess,selenium;b''
http://host.docker.internal:10205;guess;guess,selenium;b''
http://host.docker.internal:10206;guess;guess,selenium;b''
http://host.docker.internal:10207;guess;guess,selenium;b''
http://host.docker.internal:10208;guess;guess,selenium;b''
http://host.docker.internal:10209;guess;guess,selenium;b''
http://host.docker.internal:10210;guess;guess,selenium;b''
http://host.docker.internal:10213;guess;guess,selenium;b''
http://host.docker.internal:10212;guess;guess,selenium;b''
http://host.docker.internal:10214;guess;guess,selenium;b''
http://host.docker.internal:10215;guess;guess,selenium;b''
http://host.docker.internal:10211;guess;guess,selenium;b''
http://host.docker.internal:10216;guess;guess,selenium;b''
http://host.docker.internal:10218;guess;guess,selenium;b''
http://host.docker.internal:10219;guess;guess,selenium;b''
http://host.docker.internal:10220;guess;guess,selenium;b''
http://host.docker.internal:10221;guess;guess,selenium;b''
http://host.docker.internal:10217;guess;guess,selenium;b''
http://host.docker.internal:10222;guess;guess,selenium;b''
http://host.docker.internal:10223;guess;guess,selenium;b''
http://host.docker.internal:10224;guess;guess,selenium;b''
http://host.docker.internal:10225;guess;guess,selenium;b''
http://host.docker.internal:10226;guess;guess,selenium;b''
http://host.docker.internal:10227;guess;guess,selenium;b''
http://host.docker.internal:10228;guess;guess,selenium;b''
http://host.docker.internal:10229;guess;guess,selenium;b''
http://host.docker.internal:10230;guess;guess,selenium;b''
http://host.docker.internal:10231;guess;guess,selenium;b''
http://host.docker.internal:10232;guess;guess,selenium;b''
http://host.docker.internal:10233;guess;guess,selenium;b''
http://host.docker.internal:10234;guess;guess,selenium;b''
http://host.docker.internal:10235;guess;guess,selenium;b''
http://host.docker.internal:10236;guess;guess,selenium;b''
http://host.docker.internal:10237;guess;guess,selenium;b''
http://host.docker.internal:10239;guess;guess,selenium;b''
http://host.docker.internal:10240;guess;guess,selenium;b''
http://host.docker.internal:10241;guess;guess,selenium;b''
http://host.docker.internal:10242;guess;guess,selenium;b''
http://host.docker.internal:10238;guess;guess,selenium;b''
http://host.docker.internal:10243;guess;guess,selenium;b''
http://host.docker.internal:10244;guess;guess,selenium;b''
http://host.docker.internal:10245;guess;guess,selenium;b''
http://host.docker.internal:10246;guess;guess,selenium;b''
http://host.docker.internal:10247;guess;guess,selenium;b''
http://host.docker.internal:10248;guess;guess,selenium;b''
http://host.docker.internal:10249;guess;guess,selenium;b''
http://host.docker.internal:10250;guess;guess,selenium;b''
http://host.docker.internal:10251;guess;guess,selenium;b''
http://host.docker.internal:10252;guess;guess,selenium;b''
http://host.docker.internal:10253;guess;guess,selenium;b''
http://host.docker.internal:10254;guess;guess,selenium;b''
http://host.docker.internal:10255;guess;guess,selenium;b''
http://host.docker.internal:10256;guess;guess,selenium;b''
http://host.docker.internal:10257;guess;guess,selenium;b''
http://host.docker.internal:10258;guess;guess,selenium;b''
http://host.docker.internal:10259;guess;guess,selenium;b''
http://host.docker.internal:10260;guess;guess,selenium;b''
http://host.docker.internal:10261;guess;guess,selenium;b''
http://host.docker.internal:10262;guess;guess,selenium;b''
http://host.docker.internal:10263;guess;guess,selenium;b''
http://host.docker.internal:10264;guess;guess,selenium;b''
http://host.docker.internal:10266;guess;guess,selenium;b''
http://host.docker.internal:10267;guess;guess,selenium;b''
http://host.docker.internal:10268;guess;guess,selenium;b''
http://host.docker.internal:10269;guess;guess,selenium;b''
http://host.docker.internal:10265;guess;guess,selenium;b''
http://host.docker.internal:10270;guess;guess,selenium;b''
http://host.docker.internal:10271;guess;guess,selenium;b''
http://host.docker.internal:10272;guess;guess,selenium;b''
http://host.docker.internal:10273;guess;guess,selenium;b''
http://host.docker.internal:10274;guess;guess,selenium;b''
http://host.docker.internal:10275;guess;guess,selenium;b''
http://host.docker.internal:10276;guess;guess,selenium;b''
http://host.docker.internal:10277;guess;guess,selenium;b''
http://host.docker.internal:10278;guess;guess,selenium;b''
http://host.docker.internal:10279;guess;guess,selenium;b''
http://host.docker.internal:10280;guess;guess,selenium;b''
http://host.docker.internal:10281;guess;guess,selenium;b''
http://host.docker.internal:10282;guess;guess,selenium;b''
http://host.docker.internal:10284;guess;guess,selenium;b''
http://host.docker.internal:10283;guess;guess,selenium;b''
http://host.docker.internal:10285;guess;guess,selenium;b''
http://host.docker.internal:10286;guess;guess,selenium;b''
http://host.docker.internal:10287;guess;guess,selenium;b''
http://host.docker.internal:10288;guess;guess,selenium;b''
http://host.docker.internal:10289;guess;guess,selenium;b''
http://host.docker.internal:10290;guess;guess,selenium;b''
http://host.docker.internal:10291;guess;guess,selenium;b''
http://host.docker.internal:10292;guess;guess,selenium;b''
http://host.docker.internal:10293;guess;guess,selenium;b''
http://host.docker.internal:10294;guess;guess,selenium;b''
http://host.docker.internal:10295;guess;guess,selenium;b''
http://host.docker.internal:10296;guess;guess,selenium;b''
http://host.docker.internal:10297;guess;guess,selenium;b''
http://host.docker.internal:10298;guess;guess,selenium;b''
http://host.docker.internal:10299;guess;guess,selenium;b''
http://host.docker.internal:10300;guess;guess,selenium;b''
http://host.docker.internal:10301;guess;guess,selenium;b''
http://host.docker.internal:10303;guess;guess,selenium;b''
http://host.docker.internal:10302;guess;guess,selenium;b''
http://host.docker.internal:10304;guess;guess,selenium;b''
http://host.docker.internal:10305;guess;guess,selenium;b''
http://host.docker.internal:10306;guess;guess,selenium;b''
http://host.docker.internal:10308;guess;guess,selenium;b''
http://host.docker.internal:10307;guess;guess,selenium;b''
http://host.docker.internal:10309;guess;guess,selenium;b''
http://host.docker.internal:10310;guess;guess,selenium;b''
http://host.docker.internal:10311;guess;guess,selenium;b''
http://host.docker.internal:10312;guess;guess,selenium;b''
http://host.docker.internal:10313;guess;guess,selenium;b''
http://host.docker.internal:10314;guess;guess,selenium;b''
http://host.docker.internal:10315;guess;guess,selenium;b''
http://host.docker.internal:10316;guess;guess,selenium;b''
http://host.docker.internal:10317;guess;guess,selenium;b''
http://host.docker.internal:10318;guess;guess,selenium;b''
http://host.docker.internal:10320;guess;guess,selenium;b''
http://host.docker.internal:10319;guess;guess,selenium;b''
http://host.docker.internal:10321;guess;guess,selenium;b''
http://host.docker.internal:10322;guess;guess,selenium;b''
http://host.docker.internal:10323;guess;guess,selenium;b''
http://host.docker.internal:10324;guess;guess,selenium;b''
http://host.docker.internal:10325;guess;guess,selenium;b''
http://host.docker.internal:10326;guess;guess,selenium;b''
http://host.docker.internal:10327;guess;guess,selenium;b''
http://host.docker.internal:10328;guess;guess,selenium;b''
http://host.docker.internal:10329;guess;guess,selenium;b''
http://host.docker.internal:10330;guess;guess,selenium;b''
http://host.docker.internal:10331;guess;guess,selenium;b''
http://host.docker.internal:10332;guess;guess,selenium;b''
http://host.docker.internal:10333;guess;guess,selenium;b''
http://host.docker.internal:10334;guess;guess,selenium;b''
http://host.docker.internal:10335;guess;guess,selenium;b''
http://host.docker.internal:10336;guess;guess,selenium;b''
http://host.docker.internal:10337;guess;guess,selenium;b''
http://host.docker.internal:10338;guess;guess,selenium;b''
http://host.docker.internal:10339;guess;guess,selenium;b''
http://host.docker.internal:10340;guess;guess,selenium;b''
http://host.docker.internal:10341;guess;guess,selenium;b''
http://host.docker.internal:10342;guess;guess,selenium;b''
http://host.docker.internal:10343;guess;guess,selenium;b''
http://host.docker.internal:10344;guess;guess,selenium;b''
http://host.docker.internal:10345;guess;guess,selenium;b''
http://host.docker.internal:10346;guess;guess,selenium;b''
http://host.docker.internal:10347;guess;guess,selenium;b''
http://host.docker.internal:10348;guess;guess,selenium;b''
http://host.docker.internal:10349;guess;guess,selenium;b''
http://host.docker.internal:10350;guess;guess,selenium;b''
http://host.docker.internal:10351;guess;guess,selenium;b''
http://host.docker.internal:10352;guess;guess,selenium;b''
http://host.docker.internal:10353;guess;guess,selenium;b''
http://host.docker.internal:10354;guess;guess,selenium;b''
http://host.docker.internal:10355;guess;guess,selenium;b''
http://host.docker.internal:10356;guess;guess,selenium;b''
http://host.docker.internal:10357;guess;guess,selenium;b''
http://host.docker.internal:10358;guess;guess,selenium;b''
http://host.docker.internal:10359;guess;guess,selenium;b''
http://host.docker.internal:10360;guess;guess,selenium;b''
http://host.docker.internal:10361;guess;guess,selenium;b''
http://host.docker.internal:10362;guess;guess,selenium;b''
http://host.docker.internal:10363;guess;guess,selenium;b''
http://host.docker.internal:10364;guess;guess,selenium;b''
http://host.docker.internal:10365;guess;guess,selenium;b''
http://host.docker.internal:10366;guess;guess,selenium;b''
http://host.docker.internal:10367;guess;guess,selenium;b''
http://host.docker.internal:10368;guess;guess,selenium;b''
http://host.docker.internal:10369;guess;guess,selenium;b''
http://host.docker.internal:10370;guess;guess,selenium;b''
http://host.docker.internal:10371;guess;guess,selenium;b''
http://host.docker.internal:10372;guess;guess,selenium;b''
http://host.docker.internal:10373;guess;guess,selenium;b''
http://host.docker.internal:10374;guess;guess,selenium;b''
http://host.docker.internal:10375;guess;guess,selenium;b''
http://host.docker.internal:10376;guess;guess,selenium;b''
http://host.docker.internal:10377;guess;guess,selenium;b''
http://host.docker.internal:10378;guess;guess,selenium;b''
http://host.docker.internal:10379;guess;guess,selenium;b''
http://host.docker.internal:10380;guess;guess,selenium;b''
http://host.docker.internal:10381;guess;guess,selenium;b''
http://host.docker.internal:10382;guess;guess,selenium;b''
http://host.docker.internal:10383;guess;guess,selenium;b''
http://host.docker.internal:10384;guess;guess,selenium;b''
http://host.docker.internal:10385;guess;guess,selenium;b''
http://host.docker.internal:10386;guess;guess,selenium;b''
http://host.docker.internal:10387;guess;guess,selenium;b''
http://host.docker.internal:10388;guess;guess,selenium;b''
http://host.docker.internal:10389;guess;guess,selenium;b''
http://host.docker.internal:10390;guess;guess,selenium;b''
http://host.docker.internal:10391;guess;guess,selenium;b''
http://host.docker.internal:10392;guess;guess,selenium;b''
http://host.docker.internal:10394;guess;guess,selenium;b''
http://host.docker.internal:10393;guess;guess,selenium;b''
http://host.docker.internal:10395;guess;guess,selenium;b''
http://host.docker.internal:10396;guess;guess,selenium;b''
http://host.docker.internal:10398;guess;guess,selenium;b''
http://host.docker.internal:10397;guess;guess,selenium;b''
http://host.docker.internal:10399;guess;guess,selenium;b''
http://host.docker.internal:10400;guess;guess,selenium;b''
http://host.docker.internal:10401;guess;guess,selenium;b''
http://host.docker.internal:10403;guess;guess,selenium;b''
http://host.docker.internal:10402;guess;guess,selenium;b''
http://host.docker.internal:10404;guess;guess,selenium;b''
http://host.docker.internal:10406;guess;guess,selenium;b''
http://host.docker.internal:10405;guess;guess,selenium;b''
http://host.docker.internal:10407;guess;guess,selenium;b''
http://host.docker.internal:10408;guess;guess,selenium;b''
http://host.docker.internal:10409;guess;guess,selenium;b''
http://host.docker.internal:10410;guess;guess,selenium;b''
http://host.docker.internal:10411;guess;guess,selenium;b''
http://host.docker.internal:10412;guess;guess,selenium;b''
http://host.docker.internal:10413;guess;guess,selenium;b"LooseVersion ('drupal')\n"
http://host.docker.internal:10414;guess;guess,selenium;b"LooseVersion ('drupal')\n"
http://host.docker.internal:10415;guess;guess,selenium;b"LooseVersion ('drupal')\n"
http://host.docker.internal:10416;guess;guess,selenium;b"LooseVersion ('drupal')\n"
http://host.docker.internal:10417;guess;guess,selenium;b"LooseVersion ('drupal')\n"
http://host.docker.internal:10418;guess;guess,selenium;b"LooseVersion ('drupal')\n"
http://host.docker.internal:10419;guess;guess,selenium;b"LooseVersion ('drupal')\n"
http://host.docker.internal:10420;guess;guess,selenium;b"LooseVersion ('drupal')\n"
http://host.docker.internal:10421;guess;guess,selenium;b"LooseVersion ('drupal')\n"
http://host.docker.internal:10423;guess;guess,selenium;b"LooseVersion ('drupal')\n"
http://host.docker.internal:10422;guess;guess,selenium;b"LooseVersion ('drupal')\n"
http://host.docker.internal:10424;guess;guess,selenium;b"LooseVersion ('drupal')\n"
http://host.docker.internal:10425;guess;guess,selenium;b"LooseVersion ('drupal')\n"
http://host.docker.internal:10426;guess;guess,selenium;b"LooseVersion ('drupal')\n"
http://host.docker.internal:10428;guess;guess,selenium;b"LooseVersion ('drupal')\n"
http://host.docker.internal:10427;guess;guess,selenium;b"LooseVersion ('drupal')\n"
http://host.docker.internal:10429;guess;guess,selenium;b"LooseVersion ('drupal')\n"
http://host.docker.internal:10430;guess;guess,selenium;b"LooseVersion ('drupal')\n"
http://host.docker.internal:10431;guess;guess,selenium;b"LooseVersion ('drupal')\n"
http://host.docker.internal:10432;guess;guess,selenium;b"LooseVersion ('drupal')\n"
http://host.docker.internal:10433;guess;guess,selenium;b"LooseVersion ('drupal')\n"
http://host.docker.internal:10434;guess;guess,selenium;b"LooseVersion ('drupal')\n"
http://host.docker.internal:10435;guess;guess,selenium;b"LooseVersion ('drupal')\n"
http://host.docker.internal:10436;guess;guess,selenium;b"LooseVersion ('drupal')\n"
http://host.docker.internal:10437;guess;guess,selenium;b"LooseVersion ('drupal')\n"
http://host.docker.internal:10438;guess;guess,selenium;b"LooseVersion ('drupal')\n"
http://host.docker.internal:10439;guess;guess,selenium;b"LooseVersion ('drupal')\n"
http://host.docker.internal:10440;guess;guess,selenium;b"LooseVersion ('drupal')\n"
http://host.docker.internal:10441;guess;guess,selenium;b"LooseVersion ('drupal')\n"
http://host.docker.internal:10442;guess;guess,selenium;b"LooseVersion ('drupal')\n"
http://host.docker.internal:10443;guess;guess,selenium;b"LooseVersion ('drupal')\n"
http://host.docker.internal:10444;guess;guess,selenium;b"LooseVersion ('drupal')\n"
http://host.docker.internal:10445;guess;guess,selenium;b"LooseVersion ('drupal')\n"
http://host.docker.internal:10446;guess;guess,selenium;b"LooseVersion ('drupal')\n"
http://host.docker.internal:10447;guess;guess,selenium;b"LooseVersion ('drupal')\n"
http://host.docker.internal:10448;guess;guess,selenium;b"LooseVersion ('drupal')\n"
http://host.docker.internal:10449;guess;guess,selenium;b"LooseVersion ('drupal')\n"
http://host.docker.internal:10450;guess;guess,selenium;b"LooseVersion ('drupal')\n"
http://host.docker.internal:10451;guess;guess,selenium;b"LooseVersion ('drupal')\n"
http://host.docker.internal:10452;guess;guess,selenium;b"LooseVersion ('drupal')\n"
http://host.docker.internal:10453;guess;guess,selenium;b"LooseVersion ('drupal')\n"
http://host.docker.internal:10454;guess;guess,selenium;b"LooseVersion ('drupal')\n"
http://host.docker.internal:10455;guess;guess,selenium;b"LooseVersion ('drupal')\n"
http://host.docker.internal:10456;guess;guess,selenium;b"LooseVersion ('drupal')\n"
http://host.docker.internal:10457;guess;guess,selenium;b"LooseVersion ('drupal')\n"
http://host.docker.internal:10458;guess;guess,selenium;b"LooseVersion ('drupal')\n"
http://host.docker.internal:10459;guess;guess,selenium;b"LooseVersion ('drupal')\n"
http://host.docker.internal:10460;guess;guess,selenium;b"LooseVersion ('drupal')\n"
http://host.docker.internal:10461;guess;guess,selenium;b"LooseVersion ('drupal')\n"
http://host.docker.internal:10463;guess;guess,selenium;b"LooseVersion ('drupal')\n"
http://host.docker.internal:10464;guess;guess,selenium;b"LooseVersion ('drupal')\n"
http://host.docker.internal:10465;guess;guess,selenium;b"LooseVersion ('drupal')\n"
http://host.docker.internal:10462;guess;guess,selenium;b"LooseVersion ('drupal')\n"
http://host.docker.internal:10466;guess;guess,selenium;b"LooseVersion ('drupal')\n"
http://host.docker.internal:10467;guess;guess,selenium;b''
http://host.docker.internal:10468;guess;guess,selenium;b''
http://host.docker.internal:10469;guess;guess,selenium;b''
http://host.docker.internal:10470;guess;guess,selenium;b''
http://host.docker.internal:10471;guess;guess,selenium;b''
http://host.docker.internal:10472;guess;guess,selenium;b''
http://host.docker.internal:10474;guess;guess,selenium;b''
http://host.docker.internal:10473;guess;guess,selenium;b''
http://host.docker.internal:10475;guess;guess,selenium;b''
http://host.docker.internal:10476;guess;guess,selenium;b''
http://host.docker.internal:10477;guess;guess,selenium;b''
http://host.docker.internal:10479;guess;guess,selenium;b''
http://host.docker.internal:10478;guess;guess,selenium;b''
http://host.docker.internal:10480;guess;guess,selenium;b''
http://host.docker.internal:10481;guess;guess,selenium;b''
http://host.docker.internal:10484;guess;guess,selenium;b''
http://host.docker.internal:10485;guess;guess,selenium;b''
http://host.docker.internal:10482;guess;guess,selenium;b''
http://host.docker.internal:10486;guess;guess,selenium;b''
http://host.docker.internal:10483;guess;guess,selenium;b''
http://host.docker.internal:10487;guess;guess,selenium;b''
http://host.docker.internal:10488;guess;guess,selenium;b''
http://host.docker.internal:10489;guess;guess,selenium;b''
http://host.docker.internal:10490;guess;guess,selenium;b''
http://host.docker.internal:10491;guess;guess,selenium;b''
http://host.docker.internal:10492;guess;guess,selenium;b''
http://host.docker.internal:10493;guess;guess,selenium;b''
http://host.docker.internal:10495;guess;guess,selenium;b''
http://host.docker.internal:10494;guess;guess,selenium;b''
http://host.docker.internal:10497;guess;guess,selenium;b''
http://host.docker.internal:10496;guess;guess,selenium;b''
http://host.docker.internal:10498;guess;guess,selenium;b''
http://host.docker.internal:10499;guess;guess,selenium;b''
http://host.docker.internal:10502;guess;guess,selenium;b''
http://host.docker.internal:10501;guess;guess,selenium;b''
http://host.docker.internal:10500;guess;guess,selenium;b''
http://host.docker.internal:10503;guess;guess,selenium;b''
http://host.docker.internal:10504;guess;guess,selenium;b''
http://host.docker.internal:10505;guess;guess,selenium;b''
http://host.docker.internal:10507;guess;guess,selenium;b''
http://host.docker.internal:10508;guess;guess,selenium;b''
http://host.docker.internal:10509;guess;guess,selenium;b''
http://host.docker.internal:10506;guess;guess,selenium;b''
http://host.docker.internal:10510;guess;guess,selenium;b''
http://host.docker.internal:10511;guess;guess,selenium;b''
http://host.docker.internal:10512;guess;guess,selenium;b''
http://host.docker.internal:10513;guess;guess,selenium;b''
http://host.docker.internal:10514;guess;guess,selenium;b''
http://host.docker.internal:10515;guess;guess,selenium;b''
http://host.docker.internal:10516;guess;guess,selenium;b''
http://host.docker.internal:10517;guess;guess,selenium;b''
http://host.docker.internal:10518;guess;guess,selenium;b''
http://host.docker.internal:10519;guess;guess,selenium;b''
http://host.docker.internal:10520;guess;guess,selenium;b''
http://host.docker.internal:10521;guess;guess,selenium;b''
http://host.docker.internal:10522;guess;guess,selenium;b''
http://host.docker.internal:10523;guess;guess,selenium;b''
http://host.docker.internal:10524;guess;guess,selenium;b''
http://host.docker.internal:10525;guess;guess,selenium;b''
http://host.docker.internal:10526;guess;guess,selenium;b''
http://host.docker.internal:10527;guess;guess,selenium;b''
http://host.docker.internal:10528;guess;guess,selenium;b''
http://host.docker.internal:10530;guess;guess,selenium;b''
http://host.docker.internal:10529;guess;guess,selenium;b''
http://host.docker.internal:10532;guess;guess,selenium;b''
http://host.docker.internal:10533;guess;guess,selenium;b''
http://host.docker.internal:10531;guess;guess,selenium;b''
http://host.docker.internal:10534;guess;guess,selenium;b''
http://host.docker.internal:10535;guess;guess,selenium;b''
http://host.docker.internal:10536;guess;guess,selenium;b''
http://host.docker.internal:10537;guess;guess,selenium;b''
http://host.docker.internal:10538;guess;guess,selenium;b''
http://host.docker.internal:10540;guess;guess,selenium;b''
http://host.docker.internal:10541;guess;guess,selenium;b''
http://host.docker.internal:10542;guess;guess,selenium;b''
http://host.docker.internal:10543;guess;guess,selenium;b''
http://host.docker.internal:10539;guess;guess,selenium;b''
http://host.docker.internal:10544;guess;guess,selenium;b''
http://host.docker.internal:10545;guess;guess,selenium;b''
http://host.docker.internal:10546;guess;guess,selenium;b''
http://host.docker.internal:10547;guess;guess,selenium;b''
http://host.docker.internal:10548;guess;guess,selenium;b''
http://host.docker.internal:10549;guess;guess,selenium;b''
http://host.docker.internal:10550;guess;guess,selenium;b''
